Proto Indo-European,English
abelos,apple
abhnos,sudden
abhro-,very
acnos,lamb
ad,at
adejo,prepare 
adgho,beset
admi,dry
admṇ,rite
ados,spelt
aghar,fear 
agherom,lake
aghja,plough-animal
aghlos,repellent
aghlows,drizzle
aghneumi,afflict 
aginos,goat
agla,brood
agman,rank
ago,push 
agos,fault
agos,ram
agra,massacre
agrenom,fruit
agroqolas,farmer
agros,land
agsla,wing
agtos,pushed
agalis,agile
aichesajo,feel-ashamed
aidhis,hearth
aidho,burn
aiga,oak
aigros,ill
aiko,meet
aimneumi,copy 
aimom,replication
aino,belong 
ainumoi,take-possession
aiqos,even
aira,ryegrass
aisdai,honour
aisdhom,ardour
aiskros,clear
aiso,respect
aisosko,request 
aisska,desire
aitis,part
aiw(es)i,always
aiwesos,period
aiwos,eternal
aiwotats,eternity
aiwu,vital-energy
ajeri,early
ajesnos,brassy
ajos,brass
akejo,be-sharp
akeris,maple
akeswos,pile
akjes,blade
akma,bit
akmon,stone
akna,prickle
aknami,eat 
akokos,scammony
akos,chaff
akris,sharp
akrom,promontory
aksija,axe
aksis,axle
aksteinos,broom
akulos,sting
akus,needle
ala!,hello
alajai,stroll 
albhos,white
alchos,money
aldhon,trough
aleiks,spelt
alesnos,alder
alghejo,be-cold
aljos,another 
aljote,place
alkejo,protect 
alkis,roe-deer
alo,nourish 
alpos,small
alteros,other
altjos,adult
altos,high
alumṇ,beer
amayo,love
ambhí,around
ambhíagtos,public-servant
ambhinom,circuit
ambhíqolos,servant
ambhíremos,travel
ambhou,both
ameika,friend
ameiks,friend
ameta,aunt
amgho,oppress 
amghús,narrow
amghustis,narrowness
ami,heat
amma,mother
amos,seizing 
amros,sour
amros - amrei,morning
amsus,creator
an,perhaps
ana,to
andhesa,maid
andhos,blind
anghwis,snake
anglos,articulation
anjo,withdraw 
ankos,hook
anksi,before-dawn
anksitjom,before-dawn
anna,granny
anos,ring
ansa,handle
ansatos,handle
anta,towards
antas,portico
antí,before
antijos,antique
antitjos,classical
antjas,fringe
antjom,end
antrom,cave
anus,grandmother
anamos,breath
anats,duck
apmṇ,fastening
apnis,brook
apo,from
apoqitis,revenge
apoqos,backward
apostatis,distance
apoteri,behind
apoteros,hint
apowesentis,absent
apowoiks,colony
appas,dad
apros,boar
aps,water
apsa,asp
apsos,limb
aqa,water
ar,therefore
arajo,plough 
ararjo,adjust 
aratrom,plough
ardeja,heron
ardis,point
argis,white
argṇtom,silver
argros,brilliant
argujo,reason 
arjos,sir
armṇtom,cattle
armos,arm
arom,reed
arqos,bow
arti,precisely
artis,art
artus,joint
arusa,hazelnut
arwa,butter
arwom,field
asa,altar
asejo,be-dry 
asos,ash
astris,hawk
astus,guile
ati,again
atiloiqos,remnant
atis,seabream
atlos,noble
atmos,breath
atnos,year
ato,breathe
atqe,and
atros,black
attas,dad
audhos,sir
auga,glance
augejo,enlarge
augejo,aument
augmṇ,increase
augo,increase
augos,development
augtos,grown
aulos,tube
auqsla,pot
ausijo,empty 
ausom,gold
ausosa,dawn
ausrom,morning
aussketi,dawn 
austeros,eastern
aw,howbeit
awa,fountain
awejo,desire 
awelja,breeze
awigsna,oat
awija,grandmother
awis,bird
awisdhijo,feel 
awṇ,fountain
awo,spend-the-night 
awontlos,uncle
awos,grandfather
awou,back
awti,or
awtim,otherwise
awtjos,destitute
alujos,garlic
aperos,shore
badjos,orange
baita,skirt
baktlom,club
balbalos,barbaric
balbos,tongue-tied
bambalos,drum
bata,babble
baubajai,bark 
bebajo,bleat 
belom,strenght
belowents,strong
benda,end
bendla,pintle
bewo,damp 
bhabha,bean
bhaghus,arm
bhagjo,fry 
bhago,atribute 
bhagos,portion
bhagos,beech
bhalnos,penis
bhama,rumor
bhamoi,speak 
bhaman,speech
bhaneumi,illuminate
bhanis,sentence
bhanom,lighting
bhanús,bright
bhaos,light
bhar,wheat
bhardha,beard
bharkos,brooch
bharseina,wheat
bharsjom,bread
bharwos,pinetree
bhaskis,bundle
bhasos,vulture
bhatis,expression
bhebhros,beaver
bheco,run 
bhedho,require 
bhego,curb 
bheidho,trust 
bheikos,fig
bheiqla,bee
bheitlom,axe
bheldo,knock 
bheleks,coot
bheljo,enhance
bhelo,fluoresce 
bhelo,make-noise 
bhelu,weakness
bheluna,henbane
bhemṛ,thigh
bhendho,bind 
bhendhros,mate
bhendos,melodious
bhenjom,hit
bherags,birch
bhergho,keep 
bherko,glimmer
bhermi (bhero),bear 
bhermṇ,burden
bherna,breach
bhersi,quickly
bherwo,boil
bhesmi,blow 
bheudho,wake-up 
bheugho,succeed 
bheugo,fold 
bheuro,knead 
bheweda,profit
bhewmi,be 
bhewonom,reality
bhewtis,nature
bhewtlom,environment
bhíbheimi,fear 
bhidhos,vessel
bhidros,bitter
bhilis,good
bhínami,strike 
bhindo,cleave 
bhitos,struck
bhladhrom,fan
bhlaghmṇ,priest
bhlago,hit 
bhlaidos,clear
bhlakkos,thin
bhlami,blow 
bhledo,boast 
bhleico,hit 
bhleido,inflate 
bhlemi,weep 
bhlendhos,dim
bhleuco,flow 
bhleugsmṇ,stream
bhleumi,weaken
bhleuso,choke 
bhḷgejo,shimmer 
bhḷkjo,support 
bhlokos,flake
bhloros,white-stained
bhlos,flower
bhlosejo,bloom
bhloskos,scandal
bhlotis,flower
bhlowos,yellow
bhlagsma,flame
bhṇghus,dick
bhodhjo,dig 
bhodhwos,scald-crow
bhodjos,better
bhodros,excellent
bhodsa,grave
bhoga,guerrilla
bhogajo,contend
bhogjos,crook
bhogla,stream
bhoidhos,ugly
bhoidos,ugly
bhoiqos,drone
bhokos,flame
bholghis,bag
bholjom,leaf
bholjom,den
bholos,steam
bholos,noisy
bhondhsa,crib
bhor,thief
bhorajo,bore 
bhorcos,rough
bhoros,worn
bhorsos,proud
bhosos,barefoot
bhoudhejo,awaken
bhouga,flight
bhougajo,flee
bhowijos,favourable
bhragrajo,smell
bhrater,brother
bhratreinos,brother's-son
bhratrijos,brotherly
bhrego,shine 
bhreico,fry 
bhremo,grunt 
bhrendho,gush-up 
bhreno,edge 
bhresjo,shatter 
bhreugs,fruit
bhreugsmṇ,wheat
bhreugtis,use
bhreuko,strike 
bhreuna,limit
bhreuso,swell
bhrewa,bridge
bhrewo,brew
bhrewṛ,well
bhṛghos,high
bhrigijo,chirp 
bhrijajo,crumble 
bhṛijo,cut-open 
bhríkami,press 
bhṛkjo,stuff 
bhṛksnos,ashtree
bhṛktos,speckled
bhṛma,incision
bhrṇgo,break 
bhroigos,summit
bhrosdhos,cedar
bhrounom,scale
bhrounos,brown
bhroustom,fragment
bhrowṇtis,forehead
bhṛstís,tip
bhṛtis,bearing
bhrughnos,bulrush
bhrugjai,use 
bhṛugs,throat
bhrus,eyebrow
bhrúsnami,break 
bhrusnja,cuirass
bhrusos,breast
bhrustom,particle
bhruteks,bush
bhrwtom,syrup
bhudhmṇ,soil
bhudhnos,ground
bhugjo,flee 
bhugos,animal
bhukús,blunt
bhulja,swelling
bhulkos,watcher
bhum,was
bhúncai,serve 
bhusajo,kiss 
bhusjo,hasten 
bhuta,dwelling
bhutjo,hit 
bhutos,been
bhasko,pronounce
bhatjo,hit 
bhawejo,be-favourable
bistlis,gall
blakta,cockroach
blatsajo,chatter 
blekajo,bleat 
bṇdus,drop
bodhros,deaf
bokkos,goat
bolboljo,explode
bolkos,tunnel
boukajo,resound
brenghos,rough
brokos,badger
bughon,eagle-owl
bukka,mouthful
cadho,dive 
camṇ,step
cecalos,mundane
cedho,torment 
cejwo,live
celejo,torture
celṇdis,acorn
celo,throw-away
celom,cavity
celwonom,bath-tub
cemjo,come 
cena,woman
cerbho,devour 
ceri,mountain
cerjo,finish 
cero,praise 
cero,have-fever 
ceru,pike
cerurom,watercress
cesneumi,extinguish 
cespis,branches
cetus,resin
ceudhos,rubbish
chaisos,beautiful
chedho,pray 
cheldi,bile
chelo,desire 
chendo,wound 
chenmi,murder 
chentis,death
chero,warm 
cheros,heat
chislom,wire
chḷno,deceive 
choks,torch
chonos,abundant
chormos,warm
chornos,hearth
chrensos,heat
chṛjo,be-violent
cícami,go-away 
cija,fold
cínami,prevail 
ciros,lush
cistis,finger
cita,life
ciwaks,lively
ciwos,life
ciwos,alive
ciwotos,animal
cḷa,gullet
cḷajo,fly 
cḷenos,tired
cḷnami,agonise 
cḷturos,vulture
cṃtis,march
cobhon,viscose
coinos,sack
colbhos,womb
coros,big-eater
cosdhos,rod
cotejo,mention 
cotlos,swelling
coucis,shit
coudhros,dirty
cowija,lapwing
cowijos,bovine
cowqolos,herdsman
cows,cow
cowstas,ox-stall
cṛ(aw)ús,heavy
cṛajo,devour 
cratos,welcome
cṛawenus,millstone
cṛcestjom,hovel
cṛcots,whirl
cṛebhos,embryon
creughos,sad
croghos,Adam's-apple
crotsos,big
croughnos,sorrow
cṛús,crane
cratos,heavy
da,certainly
daimoi,divide-up 
daitis,time
daiwer,brother-in-law
dakru,tear
damos,mate
danus,river
dapnami,be-expensive
dapnom,feast
daps,banquet
daweta,torch
dawetus,conflagration
dawneumi,scorch 
dawtis,fuel
de,from-upwards
debho,knead 
dedrus,allergy
degha,tick
deikman,example
deiko,show 
deikos,address
deiktis,indication
deiwa,goddess
deiwijos,godly
deiwos,god
deiwotats,deity
deiwots,rich
dekejo,be-proper 
dekṃ,ten
dekṃtulos,finger
deknos,worthy
dekos,virtue
deksteros,right
deljo,calculate 
delo,split 
demos,building
denko,bite 
denso,infere 
dentis,tooth
derbho,turn 
dergho,get-cumulated 
dero,separate 
deru,wood
deuko,drag 
deuks,leader
deuso,spoil 
dew,far
dhabhros,skillful
dhalna,vegetation
dhanwos,pinetree
dhaunos,predator
dhchínami,vanish
dhchitis,destruction
dhebho,abuse 
dhecho,burn 
dhedhjos,grandfather
dhedhmos,decree
dheghom,earth
dheghwis,inflammation
dheico,puncture 
dheicodhla,brooch
dheimi,suck 
dhejo,put 
dheleiks,productive
dhelgs,scythe
dheljos,baby
dhelo,shine 
dhelos,teat
dhemṇ,condition
dhemo,steam-up 
dhengho,press 
dhenom,farm-produce
dhenos,interest
dherbho,start 
dherghnos,sloe
dhergho,strengthen 
dherghos,red
dherghs,shit
dherko,stain
dhermi,retain 
dhes,duty
dhetis,fact
dheugho,be-enough
dheuko,destroy 
dheunos,death
dhewo,run 
dhémona,female
dhghjesi,yesterday
dhghomon,human-being
dhghusa,perch
dhicsnis,end
dhídhemi-dhakjo,do 
dhingho,model 
dhḷeghla,debt
dhṃelos,foundation
dhṃis,hunger
dhṃos,employee
dhṇghus,direct
dhobos,solid
dhochejo,make-hot 
dhochos,day
dhoighos,wall 
dholos,hollow
dhombhos,dove
dhomos,opinion
dhona,cereal
dhoncelos,dark
dhoncos,dark
dhoneja,hollow
dhontis,fountain
dhorja,diarrhea
dhoubhos,deaf
dhoubhús,black
dhoubnom,world
dhoulis,soot
dhounis,strick
dhragho,bring-out 
dhregho,run-around 
dhrenos,roar
dhrensajo,cry
dhreugho,military-service 
dhrighsos,bundle
dhṛmos,steady
dhṛnumoi,jump 
dhroghnom,potter-wheel
dhroghos,wheel
dhṛso,dare 
dhṛstis,boldness
dhṛsus,bold
dhrubhjo,crumble
dhrubhtis,drop
dhruslijo,dismantle
dhubús,deep
dhugter,daughter
dhumajo,smoke
dhumos,smoke
dhúneumi,agitate 
dhuskos,dark
dhwero,deceive 
dhwestus,fleabane
dhwolnos,crazy
dhwolsa,whirlpool
dhwonos,sound
dhworis,door
dhworom,courtyard
dhwosos,demon
dhatis,exhaustion
dídemi,tie
dídjami,conceive 
didksko,learn 
digha,goat
djejo,move
djews,day
djnos,day
dḷghejo,maintain
dḷkus,sweet
dḷnghos,long
dḷnghota,length
dṃpedom,building place
dṃpus,rough
dṃseghṛ,domain
dṇghwa,tongue
dṇsus,thick
do,to 
dokejo,seem
doklom,tail
dolajo,cudge 
dolejo,disrupt
dolghos,dew
doljom,barrel
dolos,fraud
dom,still
domami,tame 
domos,house
domuna,landlady
domunos,landlord
donom,gift
dornom,wrist
doros,rent
dosos,slave
dotis,dowry
dounom,town
dousmos,bush
dousontos,arm
drajo,work
drappos,drapery
dratis,work
dratṓr,workman
dṛdrajo,murmur 
dremo (dídrami),run 
drepo,cut-out 
dreugho,beguile 
drewa,course
drewo,treat 
drismos,harsh
dristos,bramble
dṛkjai peri,be-visible
dṛkjo,make-up 
dṛko,see
dṛkos,vision
dṛksmos,perspective
dṛkta,light
dṛktis,view
dṛktis,seen
dṛmijo,fall-asleep 
dṛnos,split
dṛtis,split
dṛtos,split
dṛwa,ryegrass
dsa,war
dumbos,tail
dúnami,arrange
dus,bad
dúsopis,precarious
duswids,incompetent
dweimi,fear 
dwenos,good
dwidkṃtoi,twenty
dwipods,biped
dwis,twice
dwiskos,matching
dwisnos,two each
dwoiros,fearful
dwoplos,double
dwoteros,second
dwou,two
echṛ,drink
echṛjos,drunken
ecnis,fire
edhlos,elder 
edhṛ,palisade
edjew,today
edmi,eat 
edqis,someone 
edqos,some
eduna,pain
egejo,lack 
eghjos,hedgehog
eghṛ,boundary
ego,I
ei,that
eibho,fuck 
eiko,have 
eimi,go 
eisa,wrath
eisaskai,be-angry
eisom,ice
ek(sí),outside
eksoqs,invisible
ekstar,remoteness
eksteros,external
ekstṃos,outermost
ektos,excepted
ekwa,mare
ekwinos,of horses
ekwos,horse
ela,bodkin
elen,red-deer
elkos,wound
elkos,bad
ellus,eel
elne elna elnod,that
elom,conducted
elor,swan
elwos,pink
emo,take 
empis,insect
en,in
endo,inside
endosedjom,furniture
enim,and
eniqa,face
enis,certain 
enko pro,drive 
ennos,interior
ensedjom,ambush
ensla,island
enstar,proximity
enteri,between
enternos,internal
enterom,interval
enteros,internal
enteros,intestine
entos,inside
eperom,west
epi,on
epiromos,on-top
ercom,pulse
erjos,ram
erko,share
ermi,rest 
ermos,abandoned
ernos,upright
ero,heave 
eroros,eagle
erqo,shine
ersa,tail
ersabhaljom,tail
ersajo,wander 
erwa,land
esmi,be 
esmoi,be-situated 
esos,housemaster
esṛ,blood
esús,good
eteros,second
eti,even
etiqe,even  
etmṇ,soul
etṛ,inside
etros,vivid
euko,be-used 
euso,burn 
ewo,get-dressed 
extrod,from
épijos,relation
galgaljo,talk 
galnos,power
galnos,gaul
gango,pin-down 
gar,indeed
garsijo,talk 
gaudhejo,rejoice 
gaudhjom,joy
ge,at-least
geigo,be-bitter
geimo,sprout 
geisa,gravel
geltis,embryo
gelu,ice
gemo,be-loaded
gemros,son-in-law
genesajo,create
genga,gum
genjos,gender
genmṇ,germ
genos,kin
gentis,family
gentlom,birth
gentṓr,parent
gentriks,parent
gentus,procreation
genu,knee
genus,maxilla
gerco,gather 
gergo,wind 
gerjo,wake-up 
gerlos,old
gero,become-old
gersa,network
gerwos,veteran
geso,wear 
geulom,ash
geustis,taste 
gewo,resound 
ghabhlom,fork
ghabhros,goat
ghaidinos,goatish
ghaidos,goat
ghaisejo,stick 
ghaisom,spear
ghaisom,stick
ghaita,hair
ghalerom,disgrace
ghanos,yawn
ghansor,goos
ghasta,spearshaft
ghawo,call 
ghawod,not
ghebhla,head
ghedo,defecate 
ghei-ke ghai-ke ghod-ke,this
gheidho,long-for 
gheimentos,wintry
gheimṛ,winter
gheimrinos,winterly
gheipo,sob 
gheislos,hostage
ghelbo,boast  
ghelijo,growl 
ghelnom,lip
ghelo,incise 
ghelus,tortoise
ghelwos,vegetable
ghelwos,green
ghemi,arrive 
ghengho,step 
gher,hedgehog
gherdho,encircle
gherghros,pod
gherijai,desire
ghero,lend 
ghertom,butter
gherús,small
ghesṛ,hand
ghesris,glove
ghestos,hand
ghetis,arrival
ghetla,handle
gheugho,veil 
gheuso,hear 
gheutis,mould
gheutlom,vase
gheweja,hollow
ghewos,space
ghi,certainly
ghighejo,come-back
ghirrijo,whine 
ghjajo,gape 
ghjems,winter
ghlaghos,crossbeam
ghlastos,blue
ghlendho,study
ghleumi,joke 
ghloidos,luxury
ghlomi,glimmer 
ghloumos,joke
ghḷtnos,golden
ghḷtom,gold
ghlustis,flourishing
ghṇdhus,cancer
ghṇdo,receive  
ghneumi,caress 
ghodos,rump
ghoilos,joyful
gholwa,caluum-caput
ghordejom,barley
ghordhos,enclosure
ghorejai,encourage
ghornim,pleasantly
ghoros,intestine
ghorsejo,erect 
ghortos,garden
ghosdos,starvation
ghosom,ate
ghostipots,guest
ghostis,foreigner
ghouros,terrible
ghowejo,pay-attention 
ghradjai,step 
ghrasmṇ,grass
ghrasom,grass
ghrebho,bury 
ghredhus,hunger
ghreibho,seize
ghreiman,ointment
ghṛejo,be-empty
ghremo,grumble 
ghrendha,cornice 
ghrendhos,lock
ghrendo,gnaw 
ghrew,early
ghrewo,fall-into 
ghrewo,grind 
ghromos,roaring
ghronos,mark
ghroudos,ball
ghrowa,pebble
ghudjo,do-harm 
ghundo,pour 
ghwera,beast
ghwerinos,beastly
ghweros,wild
ghwobhros,smith
ghabhejo,own
gharta,tip
gibba,hump
gígisai,happen
gigno,beget 
gigros,sharp
gjewo,chew 
glabho,plane 
gladhros,even
glagha,protest
glakti,milk
glegos,docile
gleibho,adhere
gleis,mouse
glekis,intelligent
glembho,include 
gleubho,peel 
glínami,stick 
globhos,globe
gloghis,point
gloidos,rubber
gloijos,sticky
gloitṇ,glue
glokijo,clack 
glomos,yarn
glos,sister-in-law
glujo,swallow
glagjes,ice
gnajo,produce
gnami,gnaw
gnas,offspring
gnaskai,be-born 
gnatos,born
gnebhis,fleece
gnebho,pluck 
gneibho,raze 
gneicho,lean 
gneido,scrape 
gnoros,evident
gnos,native
gnosmi,recognize 
gnotis,knowledge
gnotlom,sign
gnotos,known
gnotór,knower
gnoubhos,bud
gnowos,wise
golbhnos,dart
gombhos,jaws
gomos,load
gonejo,produce
gopos,jaws
gorbos,wrinkle
gorgnom,sadness
gorgos,sad
goulos,oral
gouros,crimpy-hair
grakijo,cackle 
gramma,rheum
granom,grain
gṛbeinos,hornbeam
gṛbejo,have-wrinkle
gṛbho,scratch 
grebhos,net
gredo,scratch 
gregs,herd
gremjom,lap
grendjom,crown
gretlom,cradle
greubho,go-aside 
greugo,bend 
greumo,scrape-off 
greuto,solidify
grṇdhís,grown
grobhos,oak-tree
grodis,hail
groumos,crumb
grundijo,grunt 
grutis,curd-cheese
gudom,bowels
guga,ball
gupa,cellar
gurnos,back
gusno,taste 
gutṛ,throat
idhei,there
ikjo,reach 
ili,groin
iljo,send-away 
imde,from-there
immo,more
ipjo,oppress 
is,this
isarnom,iron
ita,so
itajo,journey
itaqe,and
íteros,different
itim,likewise
itṛ,way
iwe,like
ínekmi,convey
jagjo,worship
jagjus,pious
jai,yes
jalos,conspiracy
jami,pass 
jami,already
janeumi,conspire 
januwa,entrance
jegho,persecute 
jegis,ice
jeko,tell
jekos,healthy
jelom,desert
jemo,hold
jemos,twin
jenter,cousin
jeqṛ,liver
jeso,ferment
jeunis,right-way
jeus,broth
jewesdiks,judge
jewo,help 
jewom,barley
jewornjom,cereal
jewos,law
jṇdros,exuberant
jṇto,desire 
jod qid,because
jodhei,where
joinkos,bulrush
jom,when
jomde,from-which
joqe,and
jori,wherefore
jorkos,roebuck
jorom,season
joros,conspirator
jos (je),that
jṓsneumi,begird 
jota,how
jota sei,alike
jougsmṇtom,beast-of-burden
jowestos,just
jucis,eternal
judhejo,command 
jugom,yoke
jungo,join 
júwenis,young
juwes / juwe,you
juwṇkos,young
júwṇta,youth
juwon,young
jakejo,throw
jakjo,eject 
ka,certainly
kabṇlos,colt
kabon,horse
kadho,keep 
kado,fall 
kados,trouble
kadros,saint
kaghla,opening
kaghos,enclosure
kaido,cut 
kaikos,blind
kailom,augur
kaipa,onion
kairos,untouched
kaisṛjes,long-hair
kaisrom,hair
kaitom,heath
kaiwelos,exclusive
kakaba,partridge
kakkajo,defecate 
kaklajo,cackle 
kakneumi,promote 
kako,thinnen 
kaldejo,be-experienced
kaldos,blister
kaleiks,cup
kalgon,fog
kalis,spot
kalkis,heel
kalwos,bald
kambos,bent
kami,love
kamo,press
kampos,land
kanami,dig 
kando,glow 
kankestos,colt
kankus,branch
kanma,leg
kanmṇ,song
kano,sing 
kantos,wheelrim
kaplos,tool
kapos,land-estate
kapra,goat
kapros,goat
kaput,head
kareina,keel
karkar,fortification
karkarjo,announce 
karkros,crab
karnajo,pin-down 
karon,limb
karos,beloved
karpo,collect 
karreka,rock
kartús,hard
kasnos,grey
kasterlom,castle
kastra,camp
kastrajo,prune
kastrom,scissors
katesna,chain
katsajai,meet
katsajo,gather 
katta,cat
katus,fight
kaukos,vessel
kaulis,cabbage
kaunos,shameful
kawdo,hit
kawo,hit
kawona,owl
ke,of here
ke ka kod (eke eka ekod),this
kei,here
keido,go-down 
keimex,bug
keimoi,lie 
keimos,colorant
keiros,dark
keiwijos,civil
keiwis,citizen 
kekajo,bind 
kekatriks,scar
keko,leap 
kekuros,tame
kela,chamber
kelajo,hide 
keldo,strike 
kelga,mystery
keliknom,penthouse
kelmos,helmet
kelo,push 
kelodhros,snake
kelom,arrow
kelos,cover
kelots,boy
kelso,be-high 
kelujo,travel 
kelus,road
kemelom,heaven
kemeros,lotus
kemjo,hum
kemo,strain
kemos,hornless
kenes,ash
kenkai,hesitate 
kenklom,tendon
kenko,weigh
kenkos,hook
keno,arise
kentom,rag
kentrom,prick
kepo,do-harm 
keqo,dirty 
kerberos,weasel
kerdhjos,herdsman
kerdho,range
kerdhos,group
kerdos,profession
kerko,grow-thin
kerkos,hen
kernos,frozen-snow
kernos,excavator
kerom,hair
kersna,dinner
kerso,mutilate 
kersṛ,head
kerwos,deer
kerasrom,brain
kesdo,withraw 
kesmi,restrain
kesnus,garlic
keso,comb 
ketja,room
keubo,curve 
keudho,hide 
keuko,warp 
keulom,swelling
keuso,rent 
kewejo,sway 
khakhatnos,laugh
khamos,hook
khederos,ivy
kighros,agitated
kiker,pea
kikja,woodpecker
kiklesko,invoke 
kiklos,cold
kíkonja,stork
kikus,muscle
kina,from-this-side
kingo,gird 
kintos,previous
kippos,peg
kirknos,compasses
kirkos,circle
kiska,biceps
kista,basket
kíteros,of-this-side
kitod,immediately
kitrod,towards-this-side
kiwos,colour
kíkeumi,become-vigorous
kjajo,assort
kjejo,activate 
kladis,damage
kladjos,sword
klagjo,clang
klamajo,yell 
klambos,mutilated
klami,embank 
klamros,weak
klaros,tablet
klaros,loud
klastis,convocation
klaudos,lame
klawdo,close
klawos,nail
klaws,key
klawstos,closed
kḷdis,mountain-path
kḷdos,wood
kleinos,maple
kleitis,hut
kleitrom,support
kḷejo,name 
kḷejo,be-hot 
klepo,steal 
kleumi,listen 
kleumṇ,hearing
kleumṇtom,reputation
kleuso,obey 
kleustis,obedience
kleutis,listening
kleuto,raffle 
kleutrom,story
klewo,wash 
klewos,glory
klínami,cause-to-slope
klisros,gentle
kḷjo,divide
kḷneumi,hear 
klṇgo,sound 
kloiwos,steep
klopnis,valley
klounis,buttock
kḷpros,wine-cask
kḷtos,hot
klutos,famous
kluwejo,be-named
kḷwijo,defame
kmami,get-tired
kṃertos,lobster
kṃros,curved
kṃti,with
kṃtom,hundred
knakos,yellow
kṇjos,recent
knokos,neck
knouks,nut
kṇsejo,opinate 
kṇstór,spokesman
knuwa,walnut
kobom,success
kodejo,thurify 
koilús,healthy
koilutats,health 
koima,agreement
koimos,lovely
koinos,foenum
koinos,akin
koisa,occupation
koitús,manner
koksa,hip
koksedniks,hip bone
kolignos,dog
koljo,stick 
kolmṇ,summit
kolmos,stalk
kolnis,hill
kolnom,pile
kolnos,one-eyed
kolsos,neck
kolumbhos,dove
kom,with
komaglom,collection
komjougos,union
komjugs,consort
kommoinis,common
kommoinitats,community
komnom,meeting
komnomṇ,surname
komopjom,equipment
komos,mass
komplenos,complete
komsqṛtos,perfect
komtḷtis,patience
komtrod,against
komwoirjom,court
komwoistis,conscience
konajai,try 
konkejo,burn 
konkha,shell
konos,top
kophos,hoof
kopnos,haven
koqros,dirt
korbhis,basket
koris,acarian
korjom,leather
korjos,army
korkos,mud
kormnos,bleach
kormon,ermine
kormos,pain
korniks,crow
kornos,cherry-tree
kṓrukos,bag
korwos,raven
kosolos,hazel
kosta,rib
koubos,joint
koupa,cup
koupna,lot
kouta,hut
kowos,hollow
kowṛ,cavern
krami,mix 
krasi,tomorrow
krasron,bumblebee
kratis,network
kratsos,plump
kṛdḗn,hinge
kṛdhon,carbon
kṛdi / kṛdjom,heart
kṛdijai,get-angry 
kṛdjo,rock 
kṛdsus,shirt
kreddhemi,believe 
kreidhrom,sieve
kreimṇ,crime
kreitso,shake
kreko,weave 
kremajo,burn 
kremi,create 
kremom,beer
kremusom,onion
krenghos,ring
krenktis,scar
krepami,crackle 
krepo,precipitate 
krepús,strong
kreqa,border
kresko,grow
kreta,chalk
kreto,cut 
kreugo,cry 
kreuks,cross
kreumi,stock 
kreupo,get-encrusted 
kreuto,agitate 
krewo,touch 
kriga,cry 
krino,sieve 
kripsnis,mane
kripsos,curly
kripsta,crest
kristajo,shuttle 
kritis,difference
kṛjes,rot
kṛklos,slender
kṛnami,rot
kṛnos,rotten
kṛnu,horn
krobhtus,devotion
krokijo,shriek 
kroknos,anorak
krotjajo,shake 
krous,leg
krowos,shelter
kṛpjos,shoe
kṛpos,body
kṛsejo,be-scratched
kṛsnos,black
kṛso,run 
kṛstus,course
kṛsus,cart
krusta,icicle
krutis,dome
kruwos,blood
kṛwos,curved
ksentis,briar
kseros,dry
ksnowatla,razor
ksnujo,shave 
ksulom,post
kúbami,lie 
kudajo,reprove 
kukulajo,cockoo 
kukulos,cockoo
kula,hiding-place
kuleks,gnat
kulos,ass
kumbha,pot
kumbo,recline
kumos,heap
kúnejos,wedge
kupjo,demand
kurnos,foal
kusdhos,treasure
kusis,kiss
kutis,skin
kuwejo,be-pregnant
kuwos,whelp
kúwṛos,powerful
kwaimi,acquire
kwatsos,cheese
kweidos,white
kwon,dog
kapjo,catch
kapsa,box
kaptos,captive
kasejo,lack 
kastos,pure
katos,sharp
kawejo,beware 
labho,take 
lagha,spade
lago,droop 
laiwos,left
lajo,scold 
lajos,fat
lakertos,forearm
lakus,lake
lalajo,babble 
lalu,penis
lama,poodle
landhom,frypan
laos,home-god
lapos,cow
lapsa,lamp
lateks,liquid
latom,day
laura,stonework
lawo,benefit
lawos,team
lawtlom,benefit
lamṇtom,tell-off
ledo,release
legho,lie
leghos,lay
leghska,settlement
leghskos,lazy
leghtrom,support
leghús,light
legneumi,wring-out 
lego,collect 
legs,law
leibs,drop
leidmi,permit
leigla,spoon
leigo,jump 
leiljom,lily
leino,avoid 
leinom,flax
leipa,lime-tree
leisa,parterre
leito,go
leitos,seaside
lembo,hang
lemi,grant 
lemo,break-up
lemsos,phantom
lendha,spring
lenghmi,declare
lenis,weak
lentos,juniper
lepo,stutter
lergos,flat
lesanks,slate
leso,pick
leswos,middling
letis,concession
letrom,leather
leubhos,dear
leudheros,free
leugho,lie 
leuko,shine
leukos,bright
leuks,light
leuksmṇ,light
leumi,damage
leups,leaf
lewis,sickle
ligajo,bind 
likejo,be-allowed
limpo,stick 
lingho,lick
lino,oint 
linos,ointed
linqo,leave 
lipejo,be-sticked
lippa,rheum
lipros,greasy
litajo,appease 
litwos,rod
lṃbo,sip 
lṇco,tire
lṇghros,light
loba,crime
lodi,late
loghejo,lay-down
loghjom,site
loghos,deposit
loigos,calf
loigos,penury
loimos,mud
loiqnom,lend 
loiqos,remaining
loisa,tablet
loisos,mild
loksos,lax
loksos,slanting
loktos,fault
londhom,land
londhwos,hip
longhros,worm
lordos,twisted
lorga,footprint
lorgos,club
lostos,spear 
loudis,praise
loughjom,oath
lougos,twig
loukejo,illuminate
louketjos,radiant
loukos,glade
loukos,radiance
louksa,window
louksna,moon
louksos,lynx
lousen,louse
loutsa,whore
lowa,hair
lowo,wash 
lowtrom,bath
lubhejo,like 
lubhja,herb
lubhros,bast
ludhom,went
lugejo,be-broken
lugja,hole
lugnos,flexible
lugtos,multitude
lukejo,shine 
lukskejo,light-up
lúnami,split
lunos,unbound
lutom,dirt
lutos,unbound
luwo (lewo),unbind 
luwo apo,acquit
labjom,lip
lakesajo,tear
lakjo,trap 
lakos,tearing
lanchijom,lung
lapejo,be-flat
lapods,stone
laskejo,fancy 
latejo,be-concealed
machos,youngster
machotis,youth
maghneumi,defend 
maghos,field
mago,form
majo,prosper 
makajo,pit
maken,pouch
makesja,wall
makros,slender
mamma,mum
man,so
manajo,spring
mannusos,man
manos,good
maqa,girl
maqos,boy
mareskos,marsh
margon,boundary
mari,sea
markos,horse
masdos,mast
matejo,designate 
matḗr,mother
materos,solid
matertera,aunt
matla,hammer
mauros,gloomy
makon,poppy
ṃbhros,storm
me,me
me,not
medai,ponder 
medgos,gull
medhidjows,midday
medhjos,middle
medhu,mead
medjom,acorn
medneumi,administrate
medodiks,doctor
medos,valuation
meico,move 
meido,scratch-out
meidos,prestige
meilets,warrior
meinom,purpose
meito,lack 
meitrom,agreement
meiwijos,smaller
mejajo,flow 
mejno,change
mejo,exchange 
mejtis,shift
meknos,lip
meldhja,thunderbolt
meldho,pray 
melit,honey
meljom,millet
melko,rub 
melmṇ,article
melo,grind 
melos,strong
melso,deceive 
melwom,flour
membho,punish 
memi,measure 
memsom,meat
mendhai,be-interested 
mendho,stir-up
mendo,suck 
mendom,fault
menghos,frequent
mengo,disguise 
menis,dace
menmṇ,intellect
menos,sense
mensis,month
menta,rod
meqos,moment
merco,make-black
merga,fork
mergha,snare
mergis,filth
mergo,sink 
merkeds,charge
merko,flimmer
merneumi,worry 
meros,simple
merso,block 
merwos,insipid
mesgo,communicate 
mesla,blackbird
mestis,measure
mestos,measured
meta,post
meti,in-the-middle 
metijai,measure 
metis,dimension
meto,reap 
metrom,measure
meudos,proud
meugo,cheat 
meuko,scratch 
meus / muskos,muscle
ṃgadhos,magnificent
mighla,mist
míkami,flimmer 
miljom,red-ochre
mimdo,meet 
mímnasko (memna),remember 
míneumi,reduce 
mingho,piss 
mínusi,less
misdhom,salary
misga,whey
miskejo,mix
mlajo,weaken 
mlakos,stupid
mlatom,flour
mḷdhos,permissive
mḷdsnos,softened
mḷdus,soft
mḷduwijo,soften 
mḷgajo,anounce
mlinos,slack
mḷjos,false
mḷkami,weaken 
mḷnos,dark
mlodhros,lofty
mlosko,appear 
mḷsos,slow
mḷwa,mallow-plant
mṇdomi,commit 
mṇejo,remain 
mṇijai,tower 
mṇjo,consider 
mṇkos,defective
mṇkstrom,shaker
mṇsjai,intend 
mṇtijai,put-on 
mṇtis,mind
mṇto,chew 
mṇtom,chin
mṇtos,mention
mṇtrajo,wipe 
mṇus,hand
mṇwos,scant
mo,but
modos,perseverance
modos,measure
moghjos,pleasant 
mogho,can
moghtis,might
moghtrom,means
moighos,pee
moilos,mild
moinijai,fortify
moinis,obliged
moinja,walls
moisos,sheep-skin
moitajo,exchange 
moitmos,thanks
moitwos,mutual
mojnos,exchange
moksi,soon
mola,millstone
moldha,occipital
moldhos,prayer
moleina,mill
molestos,annoying
molgejo,milk 
molis,mass
molja,coast
molos,effort
molpa,pride
molqos,wet
moltlom,hammer
mondo,adorn 
mondos,whelp
monejo,warn 
mongos,neck
monili,collar
monos,neck
montis,hill
mora,delay
mora,nightmare
morcos,dark
mordejo,bite 
morigna,woman
morjods,thigh
mormoros,panic
morom,berry
moros,fatality
moros,renowned
moros,stupid
mos,character
mosgom,cerebellum
moukos,mucus
mouros,slop
mousos,weed
moutos,penis
mowejo,move 
mreghmos,skull
mṛejo,deserve 
mṛghús,short
mṛijai,die 
mṛjos,pubescent
mṛka,carrot
mṛkejo,be-withered
mṛkos,disabled
mṛktos,speckled
mṛmeika,ant
mṛmrajo,murmur 
mṛtajo,crush 
mṛtasjom,mortar
mṛtis,death
mṛtos,dead
mṛwos,dead
mudlom,detergent
mudnos,clean
mudstos,must
mugijo,moo 
munko,blow out 
mus,mouse
muska,fly
muskos,moss
músnami,secrete 
mutrom,mud
muttijo,mutter
muttis,speechless
madejo,be-wet
magis,more
maglos,noble
magnanamos,magnanimous
magnos,big
magtajo,honour 
marnamoi,plunder
ṇ,un-
nantis,courage
nasis,nose
natriks,serpent
nawagos,sailor
naws,ship
ṇbhudhnom,abyss
ṇcḗn,groin
ṇdha,then
ṇdheros,underly
ṇdhetos,unmade
ṇdhi,in-excess
ṇdwojos,sincere
ne,no
nebhis,cloud
nebhla,fog
nedis,nettle
nedjos,near
nedo,link 
nedsa,net
nedsko,bind
negho,penetrate 
neghron,kidney
nei,not-at-all
neico,wash 
neido,humiliate 
neiko,winnow 
neitom,rivalry
neiwos,depressed
nekami,kill
nekopinos,unexpected
neks,death
nemetom,sanctuary
nemo,distribute 
nemos,forest 
nemots,enemy
nepets,grandson
neptis,grand-daughter
neqe,and-not
neqid,nothing
neqis,nobody
neqom,never
neqos,someone
neros,soldier
nerteros,lower
nertos,strong
nesros,modest
ṇeu,without
neudo,spend 
neukos,myop
new(ij)os,new
newajo,renew 
newṇ,nine
newṇos,ninth
newo,nod 
newotats,newness
ṇgnotos,unknown
ni,down
nijom,lead 
niktis,corn
nínami,befriend
niqos,inclined
nisdos,nest
nitejo,shine 
nitjos,usual
níteros,inferior
ṇjousjom,unjustice
ṇjoustos,unfair
ṇkejo,need 
ṇkneumi,arrive
ṇmrotijos,immortal
nṃtos,bending
nṇkskai,find-by-chance
nocejo,put-off 
nocodos,naked
nodos,knot
noibhos,holy
noinos,none
nokejo,destroy 
nom,so
nom ne,do-not
nomṇ,name
nomnajo,name 
nomṛ,precision
noqterinos,night
noqtis,night
nosejo,free 
nouna,famine
ṇprobhwos,wicked
ṇqijetos,restless
ṇseros,our
ṇsis,sword
ṇsloimis,unmuddy
ṇsme,we
ṇswodhros,extraordinary
nu,now
numki,now
ṇwidis,ignorant
natis,nates
obhi,middle
obrusja,flask
ochis,worm
odaugjai,aggravate 
odejo,smell
odhrom,enclosure
odjo (oda),hate 
odjom,hatred
odos,odor
oghlejo,trouble 
oghlos,annoyance
ogmos,track
oidejo,be-swollen
oighai,depart 
oimos,march
oinoikos,single
oinos,one
oinowṛstos,simultaneously
oisja,rudder
oisos,that-one
oitmi,fetch
oitos,oath
oiwos,yew
okejo,doubt 
oketa,harrow
okinos,ready
okris,summit
oktou,eight
oktowos,eighth
okúpteros,hawk
okús,swift
olejo,heat 
olejo,destroy 
olgja,tendril
olim,formerly
oljoi oljai olja,all
olmos,elm
olna,elbow
olteros,further
oltṃos,furthest
oltrod,over-there
olwa,sedge
omos,firm
omos,raw
omsos,shoulder
onbhlos,navel
onchis,fingernail
oncṇ,ointment
onco,oint
oncol,coal
ondos,rock
onejo,blame 
onerjos,dream
onghlos,nail 
onjos,another
onkajo,groan 
onkos,hook
onos,load
onteros,second
opitjos,last
opjo,choose 
opna,wealth
opopa,hoopoe
opos,work
opos esti,be-necessary
ops,riches
oqo,see 
oqos,eye
ora,edge
orajo,pray 
orbhis,disk
orbhjom,inheritance
orbhos,orphan
ordhos,hammer
orgajo,beat-up 
orghis,ball
orghos,incited
ormos,poor
oros,mountain
orús,high
os,mouth
osbhos,knot
osdos,branch
osen,autumn
oskos,ashtree
osmi,open
osonos,ashtree
ostis,bone
ostjom,aperture
oucos,wet
oudṇ,land
ougros,cold
ousis,ear
ṓw(ij)om,egg
owajo,cheer 
owis,sheep
padhlom,sustenance
pagos,region
pags,peace
palajo,protect 
paleja,straw
palowos,grey
palpajo,touch 
pamponos,vine-leaf
pandos,bent
panknos,swelling
panko,swell 
pannos,rag
papeljos,butterfly
papla,swelling
pareika,concubine
parejo,come-out 
parko,refrain
parsa,sparrow
pasknis,food
pasko,feed 
pasmi,heed
pasos,relative
pastos,fix
pastus,pasture
pau,a-bit
paukos,little
paulos,small
pawṛ,fire
pedjos,worse
pedlom,sandal
pedom,footprint
pegtos,chest
peido,grow-fat 
peigo,annoy 
peika,woodpecker
peiko,adorn 
peikos,magpie
peiks,pitch
peimis,quick
peitus,resin
pejo,insult 
peko,comb 
pekten,comb 
pekto,comb 
peku,cattle
peldo,impel 
pelko,move 
pelnis,skin
pelo,make-money 
pelom,surface
pelsa,rock
pelu,much
pelupoikos,variegated
pelwis,dish
pelwos,dust
pemṇ,damage
pendo,hang 
peno,work
penom,mud
penos,provision 
penqadkṃta,fifty
penqdekṃ,fifteen
penqe,five
penqstis,fist
penqtos,fifth
pensús,sand
pento,track 
peqo,cook
peqtis,cooking
peqtos,cooked
peqtór,cook
per(i),about
perijo,experience
perístanom,religion
perkna,trout
perkunjom,mountain
perṃos,absolute
perom,besides
perom,feather
peros,farther
perperṇks,turned-aside
perqos,oak
persa,heel
persna,ham
perso,splash 
perta,pole
perti,otherwise
peruti,last-year
pesdo,fart
pesnis,penis
peteros,wing
petḷos,meager
peto,fly
petsna,feather
petsnos,bird
peumi,understand 
pewo,clean 
pibo,drink 
pigejo,be-annoying 
pikros,sharp
pilos,hair
pimos,fat
pinjos,stab
pinko,paint 
pinso,crush 
píperi,pepper
pipjajo,squeak 
pipto,fall-down 
piskis,fish
pitús,food
piwon,fat
plabrajai,babble
plakejo,advise
plakos,flat
plakos,wide
planos,flat
plarom,floor
platom,surface
platús,broad
plautos,flat-footed
pḷdajo,paddle
pledhwis,crowd
pleis,more
pleistos,greatest
plejos,greater
plekami,fold 
plekto,plait 
plemṇ,filling
plenos,full
pletis,filling
pletja,shoulder-blades
pletos,full
pleudo,flood
pleumon,lung
plewo,flow
pligha,appendix
pḷma,palm
pḷnamaí,approach
pḷnami,fill 
plṇgo,strike 
plousma,feather
ploutos,board
plowija,rain 
plowijom,ship
plowos,boat
pḷowos,grey
pḷtawija,earth
pḷtnos,flatness
pḷtom,coat
plúwaidhom,lead 
pḷwods,swamp
pṇdeks,paunch
pneuso,breathe
pṇgo,nail 
pṇto,spread-out
podjom,relief
pods,foot
poimeks,pumice
poimon,shepherd
pojejo,get-drunk 
polis,city
polka,fallow
polneks,thumb
polno,fall
polpos,scene
poltos,porridge
pondos,weight
ponom,drinking
pontis,way
poqos,cook
pora,air
porejo,convey
porkos,pig
pornos,feather
porsis,bull
porsod,far
portajo,carry 
pos(ti),after
posteri,afterwards
posteros,subsequent
postṃos,last
postrod,backwards
potejo,hold
poti,towards
potijai,acquire
potis,master
potis,drink
potlom,glass
potmos,span
potnja,mistress
potór,drinker
pouga,buttocks
poughos,virginal
pougnos,fist
pouna,swelling
poutos,penis
powejo,clean
poweros,boy
powros,pure
prai,before
praighesto,at-hand
prailoghos,present
prainomṇ,name
praiteri,along
pramos,first
pratis,fern
prawos,first
preistos,preceding
prejo,fan 
preko,beseech 
preks,plea
premo,press 
prepo,look-like 
preso,press 
pretjom,price
preto,realise 
prewijos,previous
prewo,hover 
pṛga,portico
pṛijo,give-birth 
prijos,dear
prijos,foremost
priskos,ancient
prismos,first
pritis,pleasure
pritos,pleased
pṛka,furrow
pṛknos,motley
pṛkska,question
pṛksko,ask 
pṛnami,sell
pṛnos,past
pro(d),forwards
probhoudhos,attention
probhwajo,prove
probhwos,good
prṓddomi,put-forth
prodatṓr,traitor
proi,morning 
proitis,departure
prokos,suitor
prokos,advanced
promos,principal
proqed,near
proqos,nigh
prosedjom,kindness
prostornos,extended
prostos,promontory
proteros,first
proti,against
protos,assigned
prousijo,irritate 
pṛptus,form
pṛqos,coloured
pṛsna,piece
pṛsom,leek
pṛstis,prominence
pṛtis,part
pṛtus,ford
prunso,freeze 
prúsneumi,water 
pruswa,frost
ptelja,lime-tree
pujo,molder 
pujos,righteous
pukos,tail
pulga,lock
pulos,putrid
pungo,punch 
pupos,child
puros,core
pusbhis,groom
pusjo,inflate 
pusleks,flea
pustla,pustule
putejo,be-rotten 
puteros,rotten
putlom,child
putos,clean
puwejo,reckon 
puwos,pus
pagros,sure
pagtos,fixed
para,close-to
paros,before
pastrom,page
patejo,lie-open
pater,father
patera,saucer
patjai,suffer 
patrja,fatherland
patrjos,fatherly
patrujos,uncle
pawejo,fear
qad,which 
qalis,how
qam,as
qaqos,whoever
qasjos,basket
qawṇtos,how-great
qdnos,magic
qe,and
qedos,angle 
qedos,magic-force
qeiso,feel 
qeistis,consideration
qejesko,rest 
qejo,compose 
qejtis,collection
qeklom,wheel
qeko,gaze 
qeli,far
qelo,circulate 
qelos,group
qelpo,curve 
qelso,furrow
qemo,swallow
qentos,holy
qerpo,turn 
qesai,complain 
qestis,part
qidpe,indeed
qijetis,rest
qijetos,peaceful
qínumoi,claim
qíqeimi,estimate 
qis qid,what
qisqis qidqid,anyone
qṃdo,when
qṇtjo,suffer
qodhei,where 
qoi,where 
qoina,retaliation
qoinom,dirt
qoitros,fair-weather
qolka,cushion
qolus,distaff
qom,when
qomde,where
qondhros,angelica
qori,why
qorjom,cauldron
qoros,type
qos qa(i) qod,which 
qosta,cough
qot(j)os,how-many
qota,how
qote,whither
qoteros,which 
qotred,whither
qotrod,wherefrom
qṛeumi,handle 
qrínami,buy 
qritom,bought
qṛmis,worm
qṛsnos,bush
qṛtus,time
qaddrom,square
qatjo,shake 
qatrus,four-times
qatrusnos,four-each
qatwṛadkṃta,forty
qatwṛadkṃtṃos,fortieth
qatwṛatnjom,four-years
qatwṛdekṃ,fourteen
qatwṛdjowijom,four-days
qatwṛes,four
qatwṛkṃtemtṃos,four-hundreth
qatwṛkṃtos,four-hundred
qatwṛpods,quadruped
qatwṛtos,fourth
rado,shave 
rapom,turnip
raros,dispersed
rastos,smooth
raudos,metal
raukos,tough
rawos,grey
ṛdhjo,grow 
ṛdhwos,steep
rebha,leap
rebhajo,jump
rebho,shield
rebhrus,tube
recos,darkness
red/re,dis-
regeina,queen
regjos,kingly
regnom,kingdom
rego,direct 
regs,king
regtos,right
reidho,ride 
reidhos,easy
reigo,bind 
reima,crack
reimṇ,list
reis,propriety
reiwos,brook
rejo,row 
reka,tick
rekneumi,range 
remo,relax 
remoi,reckon
rentus,property
repo,crawl 
resgo,plait 
resgtis,rope
resmos,oar
reti,strainer
reto,run 
retrod,back
reubo,scrape-out 
reudhos,red
reudhos,redness
reudo,cry 
reudos,wild
reughmṇ,dough
reugo,belch 
reumi,rumor
reusmṇ,throat
reusmnajo,ruminate
rew,outdoors
rewesna,ruin
rewis,planet
rewmṇ,hair
rewo,break-off
rewos,open-land
ṛghejo,incite 
rigjo,torture 
ṛijai,set-out 
rikjo,ruin 
rínami,flush-away 
ṛkejo,contain
ṛkeslom,door-bar
ṛkla,chest
ṛneumi,move
ṛnumai,try
ṛnutis,movement
robhos,roof
rodhí,on-account-of
rodhjo,endeavour 
rodo,tear 
rodos,joyful
roinos,dam
ros,spray
rostrom,beak
rota,wheel
ṛots,charioteer
roudhstos,rust
roudos,crying
rouna,secret
roupis,rock
routos,intestiones
rowa,pause
ṛsja,envy
ṛskai,go 
ṛtís,farewell
ṛtkos,bear
rudhejo,be-red
rudhros,red
rudhsos,reddish
rudlos,rude
rugijo,roar 
ruktus,tunic
rumpo,break 
runko,weed 
rupús,shoddy
ruspajai,rummage 
rwtos,collapsed
r̥nami,divide
rabhjo,rage 
radjom,ray
ragajo,wet 
rapjo,snatch 
ratis,reason
s(w)ei,whenever
s(w)eike,thus
sagijo,seek 
sagom,mantle
saipis,fence
saita,hair
saitlom,lifetime
saiwos,fierce
sajo,be-furious
sakrodhokjom,sacrifice
sakrodhots,priest
sakros,holy
sal,salt
saldo,salt 
saleiks,willow
saleiwa,saliva
salom,swell 
salús,dirty
samdhos,sand
samis,quiet
samos,summer
saman,quietness
sanami,satisfy
saneumi,perform 
sankijo,enact 
sapos,juice
sasjom,crop
satis,satisfaction
sauros,sour
sawel(jos),sun
se,himself
se/sos sa/si tod,this
sed,apart
sedajo,appease
sedejo,be-sitting
sedejo ambhí,besiege
sedla,chair
sedman,settlement
sedos,residence
segets,sowing
seghdhla,plough-handle
segho,hold 
seghos,victory
seghuros,secure
segneumi,trap 
segnom,trap 
sego,sow 
seika,club
seilo,drip 
seima,band
seimṇ,secretion
seinus,chain
seiqo,spill 
sejdhlom,sieve
sejo,sieve 
sekami,cut 
seknis,calm
seks / sweks,six
sekstos,sixth
sekuris,axe
selgo,shoot
seljos,pleasant
selko,drag
selo,buy 
selom,residence
selom,sowing
selwa,property
semi-,half
semjo,bilge-out 
semli,once
semṇ,seed
semos,one
sencho,sing 
senejo,be-old
seneks,old
senqo,sink 
sentos,path
sepelijo,bury 
sepeltrom,tomb
sepo,provide 
septṃ,seven
septṃos,seventh
seqai,follow 
seqi,vis-a-vis
seqo,say 
seqos,separate
sero,connect 
serom,liquid
seros,long-lasting
serpenos,snake
serpo,crawl 
sesmi,sleep 
sesqos,sedge
setis,visitor
sḗtjosi,less
seugo,suck
seuto,boil 
sewajo,lessen
sewe,self
sewijos,his
sewo,stir-up
silejo,be-silent
síneumi,bind 
sinísteros,propice
sino,place 
sinus,bosom
sisdo,sit-down 
sísermi,flow
sísghrami,smell 
síslawos,beneficial
siso,sow 
sisqos,dry
sitús,far-reaching
sjewman,seam
sjewo,sew 
sjudhla,sewer's-awl
sjutos,sewn
skabhjes,scabies
skabhnom,stool
skabho,scratch 
skaiwos,left-handed
skalpo,carve 
skando,mount 
skandsla,ladder
skapos,handle
skatejo,gush
skato,spring 
skedo,scatter 
skego,hasten 
skejo,shine 
skeko,burst in 
skelo,shall
skelos,evil
skemo,cover 
skerbho,hollow-out 
skerda,shit
skerdo,castrate
skerjo,split 
skero,spring 
skeubho,escape 
skeudo,shoot 
skeumo,cover 
skeuros,dark
skeuto,cover 
skewo,inspect
skidjo,decide
skijo,know 
skindo,split 
skiros,clear
skiwṛ,shin-bone
skḷiqa,pod
skḷjo,split 
skḷneumi,deflect 
skṇgjo,limp 
sknida,nit
skodhos,harm
skoidos,woodpiece
skoirsas,clown
skoitom,shield
skoja,shade
skolma,pillar
skolos,element
skolpos,shelf
skortom,whore
skostrom,canopy
skotos,shadow
skouros,nord
skousa,trousers
skreibho,write 
skreido,carve 
skrobhis,pit
skroupos,sherd
skroutos,skeletton
skubtis,omoplate
skutajo,maim 
skutos,covering
slabai,slip 
slagos,slack
slako,hit 
slata,rod
sleibo,slip 
sleidho,glide 
sleigo,smooth 
sleima,file
sleimajo,polish 
sleimaks,snail
sleiwos,violet
slejús,smooth 
sleubo,slip 
sleugo,devour
sligon,mattock
sḷijai,spring 
sloidhos,mass
sloiwom,plum
slougos,crowd
slṛgjo,gulp 
sṃ,together
sma,certainly
smalos,animal
smaneumi,stain 
smego,desire 
smeidho,carve 
smeighsli,thousand
smeika,crumb
smeirai,wonder
smeiratlom,miracle
smeiros,wonderful
smeito,send 
smejo,smile 
smeksla,chin
smelga,turfgrass
smelo,burn
smemorja,memory
smerda,shit
smerdo,stink 
smeros,defect
smerwa,marrow
smeugho,smoke 
smitla,stain
sṃlis,similar
sṃloghos,wife
sṃoitis,accordance
sṃopator,sibling
smoughos,alleyway
smoughos,smoke
smudhno,contrive 
smúghneumi,slip-in 
snadho,cut-off 
snami,swim 
sneighs,snow
sneito,curtail 
sneitos,scanty
snemi,spin 
snemṇ,yarn
snero,whirl 
snetja,embroidery
sneubho,marry 
sneudhs,smog
snewar,cable
sṇi,apart
sníncheti,snow 
snogha,snake
sṇstus,intelligence
sṇtejo,think 
sṇterí,missing
snusos,daughter-in-law
snaghjo,creep 
sodejo,settle
sodja,soot
sodjom,seat
sodom,went
sognos,rope
soitos,magic
solajai,give-joy 
solkos,furrow
solpos,oil
solwos,whole
solwotats,totality
somejo,make-equal
somos,equal
sondhos,protrusion
sontejo,send 
sontis,guilty
soqjos,allied
sorbhejo,sip 
sorbhos,rowan-tree
sormos,flow
sorwa,entrails
soujos,left
soukos,juice
sowija,kiss
spakos,drop
spaneumi,extend 
sparos,post
sparwos,sparrow
speika,cereal
speiksna,prickle
speimis,thin
spekjes,aspect
spekjo,look 
spelgha,spleen
spelgis,pole
spelo,recitate 
spelta,table
spemi,extend 
spenos,nipple
speqos,cave
sperdho,compete 
spergho,hurry 
sperjo,scatter 
spes,hope
speudo,hurry 
spingja,finch
spjewo,spit 
spjonos,foxglove
spjwtos,spit
spleido,split 
spleigho,retire 
splighstos,side
spḷndejo,be-bright
spḷtajo,cut-off 
spṇdo,flutter 
spoima,foam
spoisajo,perspire 
spoisna,breath
spoljom,dispossession
spondejo,promise 
spondha,bed
sponos,stick
sponstos,betrothed
sporta,basket
spouda,haste
spṛami,tread
spreigo,abound 
spreudo,accelerate 
sprewo,excite 
spṛgo,burst
spṛno,move-away 
spṛos,ankle
sparos,thriving
sqalos,large fish
sqeros,portent
sqija,thorn
sredho,billow
sremso,fray 
srenko,snore
srewo,flow 
srewtis,strom
srigejo,be-cold
srigos,cold
sṛijo,weed 
sṛkijo,repair 
srodhos,sea-heaviness
srokna,beak
srowmos,stream
sṛpa,sickle
sṛpijo,cleanse 
sṛwajo,observe 
sṛwos,guardian
srwtom,pipe
stadhlom,stall
stagnom,pond
stago,remain
staknom,pool
stalos,couch
stamṇ,arrangement
stanejo,place 
stanom,place
staros,stable
statlom,platform
staurejo,set 
stauros,stake
stauros,staked
stawo,stop 
steigho,walk 
steipets,stick
steiwa,plough-handle
stejo,condense 
stejsja,icicle
stelgho,flow-down 
stelo,put 
stelon,offshoot
stelpo,stare 
stembho,stamp-on 
stemo,stumble 
sterbhnjom,dry-skin
sterbho,decline 
stergo,love
sterko,befoul
sterkos,shit
sterkos,shit
sterla,star
sternom,entrails
sternos,rigid
stero,rob 
sterolis,sterile
steros,star
sterps,trunk
sterto,snore
stertos,pinnacle
steugo,push-away
steumi,inform 
steupo,hit 
steuto,support 
stigajo,stick 
stipros,safe
stlamṇ,plate
stlatos,side
stlitis,lawsuit
stlokos,place
stṃnos,trunk
stṇtejo,be-delayed 
stobhos,pillar
stoghos,trestle
stoighos,street
stoipejo,densifiy 
stolbos,ruler
stolgos,force
stomṇ,palate
storejo,straighten
stornja,centre
stoudjom,study
stoupa,oakum
stramṇ,lay
stratos,army
stratos,spread
streiba,line
streido,hiss 
streigo,draw 
streigs,night-bird
strengo,restrict 
strengom,string
strenwos,active
strepo,make-noise 
streubho,make-bitter 
streudo,fight 
strewo,strew
strigajo,stop 
strigja,line
stringo,draw-tight 
stṛneumi,sneeze 
stṛno,spread
stṛnos,extension
strudsma,pipe
strutjos,ancestor
struwis,heap
studejo,thrash 
stupejo,be-rigid
stupos,stick
statis,standing-post
status,position
su,well
sudhjom,beer
sujo,spill 
sukos,piglet
sulja,dregs
súnoros,vigorous
sunús,son
sup,under
supa,soup
supajo,throw 
sus,pig
susajo,buzz 
susdos,dry
sutus,birth
suwids,expert
swadejo,recommend
swadús,pleasant
swai,so
swedhsko,become-accustomed
swedhus,custom
sweido,blaze 
sweidos,star
sweighlajo,whistle 
sweigo,seesaw 
sweisdo,whistle 
sweko,smell-good 
swekos,fragrant
swekrús,mother-in-law
swekuros,father-in-law
swela,sunlight
swelajo,devour
swelaks,seal
sweljos,relative
swelo,glare 
swelom,sleeper
swelplos,sulphur
swemor,be-followed 
swenami,sound 
swendho,swindle 
swepo,sleep 
swepṛ,dream
swerbho,turn 
swergho,take-care 
swero,whisper
swerús,important
swerwos,snappy
swesor,sister
swesreinos,sister's-son
swinos,porcine
swoidajo,sweat 
swoidos,sweat
swoleja,ground
swombhos,fungus
swonos,noise
swopijo,fall-asleep
swoplom,broom
swopnjajo,dream 
swopnjom,dream
swopnos,sleep
swora,wade
swordis,rubbish
sworex,shrew
sworos,stick
swṛneumi,wound 
swrswrajo,whisper
swalejo,be-swollen
sakesna,pickaxe
saksom,stone
sapijo,have-taste 
tadejo,qualify
tadhesko,melt
tadhis,corruption
tagjo,order 
taismos,dough
tajo,steal 
tajots,burglar
taleja,stab
talis,such
tam,at-that-point
tarsos,belly
tarudos,slow
tata,dad
tauros,bull
tausnim,silently
tausos,silent
tawṇtos,so-much
tegla,tile
tegnom,beam
tego,cover 
tegos,shrine
tegtom,ceiling
tegús,dense
teibhja,shin-bone
teknom,creature
teko,receive
teksla,axe
teksna,technique
tekso,fashion 
teksta,bowl
tekstlom,web
tekwo,run-away 
telmón,strap
telpo,get-in
telsus,ground
tembho,spurn 
temesras,darkness
temko,result 
temlom,temple
temos,obscurity
temos,drunken
tempos,time
tena,ribbon
tendo,extend 
tengho,drag-away 
tengo,impregnate 
teni,until
tenjo,extend 
tenjom,temple 
tenos,ligament
tenso,extend 
tentrom,string
tepejo,be-warm
tepnos,fever
teqom,passage
terco,threaten 
teredhrom,auger
tergo,wipe 
tergslom,towel
terjo,rub 
termen,end
tero,cross 
terpo,enjoy
terptis,enjoyment
tersa,earth
tersai,get-dry 
terunos,feeble
tetkon,woodworker
tetta,teat
teturos,turkey
teukmṇ,progeny
teuko,dig-out 
teupo,knee 
teuro,stop-up 
teusmṇ,lot
teusqa,desert
teuta,people
tewai,observe 
tewos,force 
tibhja,stalk
timejo,be-afraid 
titijo,chirp 
tkeimi,establish
tlami,endure 
tlatjos,patient
tḷijo,rest 
tḷno,raise 
tloqai,speak 
tmami,cut 
tṃpus,elastic
tm̥klos,curdled-milk
tm̥ktos,clotted
tṇejo,comprehend 
tṇghus,fat
tṇgo,touch 
tṇtos,stretched
tṇus,thin
toga,garment
toi,certainly
tokslos,hatchet
toksos,juniper
tokwos,fugacious
tolajo,call-for
tolkos,bran
tom,then
tom-ke,then
tomos,cut
tonami,resonate 
tondejo,shave 
tonejo,extend
tongejo,express 
tonslis,fierceness
tonstṓr,hairdresser
tontenos,noise
tontrom,thunder
topnos,warmth
toqe,also
torcos,threatening
tori,therefore
torkmṇtom,tension
tormos,bolt
toros,loud
torpejo,rejoice
torqejo,turn 
torqis,necklace
torsejo,dry 
torsmṇ,thunder
tot(j)os,so-many
totred,towards-there
totrod,from-there
tougha,luck
toukna,thigh
trabhis,beam
tragho,drag 
traghsma,weft
trantis,through
trebho,dwell
tregsnos,brave
treistis,sad
trejes trija trísores,three
tremo,tremble 
trenko,incite 
trepo,pass 
treso,shiver 
treudo,force-in 
treughos,miserable
treuko,cut-out 
tríjatos,sea
triplos,threefold
trípḷtis,triplication
trĩs,three-times
trisnôs,three-in-a-go
tristis,witness
tritjos,third
tritos,rubbed
tṛmets,wedge
tṛmos,termite
tṛna,thorn
troghos,posterity
trogja,sow
trogos,pig
tropos,way
trosejo,make-afraid 
troughi,alas
trowa,ladle
trowo,gnaw-away  
tṛpejo,be-torpid
tṛrpis,ugly
tṛsdos,thrush
tṛsejo,be-thirsty 
tṛstis,thirst
tṛstos,dry
tṛsus,dry
trudska,leprosy
trudsmos,annoying
truks,slaughterer
tu,you
tuljom,multitude
tumejo,be-swollen 
tumlos,mound
túmolos,turmoil
tundo,strike 
turgejo,swell 
turjos,cheese
tursis,tower
tusjai,rejoice-oneself 
tusna,wave
tustijo,cough 
tustis,coughing
twakos,armour
twenko,force 
twero,enclose 
twoisos,violent
twṛbhon,whirl
twṛkos,boar
twṛma,troop
twṛtos,quick
takejo,be-silent
ucejo,be-wet
ud,out
úderos,uter
udhṛ,udder
udhros,udder
udhús,immediate
udsqe,on-top 
ughén,neck
ukson,ox
uksor,wife
ululajo,howl 
unksra,shadow
upelos,bad
úperesu,very-well
uperi,over
úperos,high
upo,under
upoqrijom,commission
uposedjom,fundament
upostanom,service
úpselos,high
upsi,above
uqnos,owen
urús,wide
ustos,burnt
uta,rather
wadhis,caution
wadho,walk 
wadhom,ford
wageina,sheath
waghijo,cry
wai,alas
wailos,humble
wailos,wolf
wakka,cow
walgos,bandy-legged
walnom,wall
walom,died
wapejo,be-foggy
waplajo,scream 
warna,owl
waros,asunder-legged
wastos,empty
watis,poet
watjos,legbent
we,or
webho,weave 
wedhneumi,link 
wedho,lead 
wedhṛ,weapon
wedhrom,weather
wedhsko,strike 
wedmṇ,utterance
wedo,tell 
weghja,way
wegho,carry 
weghtis,leuer
weghtlom,vehicle
weghtór,transporter
wego,be-strong 
wego,weave 
weidho,divide 
weidos,presence
weidr̥,beast
weiks,house
weiktoma,victim
weimṇ,loom
weipo,wrap 
weiros,wire
weis,strength
weisna,vein
weiso,flow 
weiteks,agnus-castus
weitis,vine
weito,arch 
weiwersa,ferret
wejes / weje,we
wekmi,desire 
weko,arch 
weksos,convex
weldo,tear-off 
weliks,bracelet
welmi,will 
welna,wave
welnos,hair
welo,see 
welpo,expect
weltis,will
welwṃen,wrapping
welwo,turn 
welwtrom,envelope
wemami,vomit 
wemos,beautiful
wḗnamoi,aspire 
wendho,attack 
wenesnom,love-potion
wenja,family
weno,desire 
wenos,love
wenseika,blister
went,equipped
wentos,wind
weqtis,thing
weqtlom,expression
wer,door
werbos,whip
wereina,sect
wergo,head-towards 
wergom,work 
weri,water
werjo,name
werna,alder
weros,true
werpo,wrap-out 
wersis,male
wersmṇ,wart
werso,drag 
werstidhlom,hall
werstis,track
wertman,direction
wertos,value
wertrom,defence
werunos,belt
weskai,eat 
wesko,squeeze 
wesnami,prick
wesnejo,bargain 
wesnom,sale
weso,stay 
wesolis,cheap
wespros,evening
wesṛ,spring
wesros,morning
westa,food
westijo,dress
westis,cloth
westos,feast
westus,dwelling
wesus,excellent
wetami,forbid 
wetlos,calf
wetos,time 
wetsos,one-year
wetwos,old 
wi,asunder
wibrajo,vibrate 
wida,appearance
widejo,see 
wídhewa,widow
widhus,willlow
widjom,wisdom
wigejo,be-strong 
wijejo,be-curved 
wijesko,wither 
wikis,chance
wikjo,contend
wikka,witch
wíklutom,known
wikwos,diverse
windo,find-out
windo peri,investigate
windos,apparent
winis,cable
winkijo,shackle 
winko,win 
winso,cause 
wiros,man
wisejo,sprout 
wiskom,mistletoe
wísoga,club
witajo,turn-around 
wíteros,supplementary
witja,framework
witjom,curve
witus,wheelrim
wíweqmi,speak 
wḷbhontis,camel
wḷda,feast
wḷdhejo,rule 
wḷeiqos,liquid
wḷeiso,beat
wḷejo,be-fit 
wḷepejo,whip
wḷeumi,pillage 
wlewa,lion
wḷghis,basin
wḷiqejo,be-liquid
wḷna,wool
wḷorom,strap
wḷqos,wolf
wḷtis,tuff
wḷtus,impression
wṇda,wave
wṇghejo,be-complexed
wochejo,vow 
woda,water
wodṛ,water
woghejo,induce
woghnos,car
woghos,transport
wogsmis,ploughshare
woida,know
woidejo,orient
woidlos,basket
woidwós,knowing
woighos,elm
woika,vigour
woikos,village
woikos,steadfast
woiksla,farm
woina,punishment
woinos,wine
woisos,poison
woita,hunt
wolejo,choose
wolgos,people 
wolmos,roll
wolnos,wound
wolos,choice
wolos,willing
wolpis,fox
wolsom,damage
wolwos,round
wondhejo,wind 
wondhos,hair
wonos,empty
wopja,water
wopsa,wasp
woqs,voice
worgjom,cannabis
wormis,worm
wornos,colour
woros,policeman
wortejo,invert
wosejo,dress
wosis,turban
wosmos,wet
wospos,garment
wṛaghmṇ,backbone
wṛdhom,word
wṛdja,root
wṛegis,enclosure
wṛeika,veil
wṛeikonjom,webbing
wṛeina,harn
wṛejai,respect 
wṛen,lamb
wṛeumi,close
wṛeumi apo,open
wṛga,vigor
wṛgejo,be-on-attack
wṛgjo,work 
wṛgos,attack
wṛijo,close
wṛisdejo,laugh 
wṛnami,persecute 
wṛṇgai,grumble 
wṛonka,hand
wṛonkis,dip
wṛradiks,root
wṛsta,rain
wṛstis,turn 
wṛstos,row
wṛto,turn 
wṛtom,enclosure
wṛughis,rye
wadra,otter
wadris,leather-bag
wagajai,roam 
wanska,desire 
wansko,desire 
warbhis,perimeter
warjo,set fire
waros,pimple
agjo,affirm 
agsajo,proclaim
agtis,speech
apjo,reach
asnatis,harvest